{
  "ElectronsVector": {
    "PositionsVector": [
      0.0,
      0.0,
      1.4431838420121434,
      0.0,
      0.0,
      -1.4431838420121434,
      -1.6621464081689419,
      -0.9596407210299944,
      2.1929893740713005,
      -1.6621464081689419,
      0.9596407210299944,
      -2.1929893740713005,
      0.0,
      -1.919300339321243,
      -2.1929893740713005,
      -0.021381775668987513,
      0.7223711979729864,
      1.6903169384809882,
      0.6148955411541229,
      -0.3797002934613583,
      1.6903156117257765,
      0.6965065804767505,
      0.40212713907573505,
      -1.7532605587411256,
      -0.23475006949715338,
      -0.1355312674704886,
      -0.3973458645672029,
      0.0,
      0.0,
      1.4431838420121434,
      0.0,
      0.0,
      -1.4431838420121434,
      1.6621464081689419,
      -0.9596407210299944,
      2.1929893740713005,
      1.6621464081689419,
      0.9596407210299944,
      -2.1929893740713005,
      0.0,
      1.919300339321243,
      2.1929893740713005,
      -0.6822977844592565,
      0.4237237223900198,
      -1.7576683264700996,
      0.025806657454239778,
      -0.8027577089256925,
      -1.7576692707899004,
      -0.6267507341040186,
      -0.361853780457599,
      1.6948037220759746,
      0.2260993924289667,
      0.13053787864925553,
      -0.4080965826245206
    ],
    "SpinTypesVector": [
      -2,
      -2,
      -2,
      -2,
      -2,
      -2,
      -2,
      -2,
      -2,
      -1,
      -1,
      -1,
      -1,
      -1,
      -1,
      -1,
      -1,
      -1
    ]
  }
}
