{
    "ElectronsVector": {
        "PositionsVector": [
            0.0,
            0.0,
            1.4431838420121434,
            0.0,
            0.0,
            -1.4431838420121434,
            -1.6621464081689419,
            -0.9596407210299944,
            2.1929893740713005,
            -1.6621464081689419,
            0.9596407210299944,
            -2.1929893740713005,
            0.0,
            -1.919300339321243,
            -2.1929893740713005,
            -0.02580665669029143,
            0.802757706354135,
            1.7576692681906765,
            0.6822977883019283,
            -0.42372372231189825,
            1.7576683279143572,
            0.6267507306808162,
            0.3618537835881984,
            -1.6948037175748012,
            -0.22609939225463957,
            -0.130537879658006,
            0.4080965900553901,
            0.0,
            0.0,
            1.4431838420121434,
            0.0,
            0.0,
            -1.4431838420121434,
            1.6621464081689419,
            -0.9596407210299944,
            2.1929893740713005,
            1.6621464081689419,
            0.9596407210299944,
            -2.1929893740713005,
            0.0,
            1.919300339321243,
            2.1929893740713005,
            -0.6148955390992867,
            0.3797002943466115,
            -1.6903156102293488,
            0.021381776394058635,
            -0.7223711992287009,
            -1.690316939850408,
            -0.6965065848169713,
            -0.40212713655802307,
            1.7532605638728704,
            0.23475006960762224,
            0.1355312655175734,
            0.39734587220086603
        ],
        "SpinTypesVector": [
            1,
            1,
            1,
            1,
            1,
            1,
            1,
            1,
            1,
            -1,
            -1,
            -1,
            -1,
            -1,
            -1,
            -1,
            -1,
            -1
        ]
    }
}
