{
  "ElectronsVector": {
    "PositionsVector": [
      0.0,
      0.0,
      1.4431838420121434,
      0.0,
      0.0,
      -1.4431838420121434,
      -1.6621464081689419,
      -0.9596407210299944,
      2.1929893740713005,
      -1.6621464081689419,
      0.9596407210299944,
      -2.1929893740713005,
      0.0,
      -1.919300339321243,
      -2.1929893740713005,
      -0.021381775668998463,
      0.7223711979730341,
      1.6903169384808527,
      0.6148955411541498,
      -0.3797002934613834,
      1.6903156117257794,
      0.6965065804767446,
      0.40212713907568526,
      -1.75326055874111,
      -0.23475006949729155,
      -0.1355312674704292,
      -0.3973458645671718,
      0.0,
      0.0,
      1.4431838420121434,
      0.0,
      0.0,
      -1.4431838420121434,
      1.6621464081689419,
      -0.9596407210299944,
      2.1929893740713005,
      1.6621464081689419,
      0.9596407210299944,
      -2.1929893740713005,
      0.0,
      1.919300339321243,
      2.1929893740713005,
      -0.6822977844591475,
      0.42372372239003653,
      -1.7576683264698942,
      0.025806657454199283,
      -0.8027577089254786,
      -1.7576692707901234,
      -0.6267507341039554,
      -0.36185378045761385,
      1.6948037220760817,
      0.22609939242904004,
      0.13053787864908875,
      -0.4080965826244915
    ],
    "SpinTypesVector": [
      1,
      1,
      1,
      1,
      1,
      1,
      1,
      1,
      1,
      -1,
      -1,
      -1,
      -1,
      -1,
      -1,
      -1,
      -1,
      -1
    ]
  }
}
