{
  "comment": "Not fully optimized string method is now optimized using newton raphson solver.",
  "ElectronsVector": {
    "PositionsVector": [
      -1.0062986706745978e-11,
      0.1958911496336473,
      -2.9772169434293263e-16,
      1.006293795936459e-11,
      -0.19588971160914112,
      -6.090551076637709e-16
    ],
    "SpinTypesVector": [
      -2,
      -1
    ]
  }
}
