{
    "AtomsVector": {
        "ElementTypesVector": [
            "H",
            "H",
            "H",
            "H",
            "H",
            "H"
        ],
        "PositionsVector": [
            -0.00037794522509156564,
            1.9038801741375073,
            1.8897261254578283e-05,
            1.6495041403896291,
            0.9522707891407088,
            -1.8897261254578283e-05,
            1.6485403800656455,
            -0.952081816528163,
            1.8897261254578283e-05,
            0.0002645616575640959,
            -1.9038234823537437,
            -1.8897261254578283e-05,
            -1.6492395787320648,
            -0.9523841727082362,
            0.0,
            -1.648691558155682,
            0.952119611050672,
            -0.0
        ]
    },
    "Eigenvalues": [
        -7.627855163196187,
        -4.647919006316766,
        -4.523676898779197,
        -1.799573505139928,
        -0.3867198866560907,
        -0.28341059103334815,
        0.028178929923161372,
        0.050311651970916964,
        0.08067098485433183,
        2.2717294045599963,
        2.3004810260637596,
        2.4315247130985975,
        2.5367019228478145,
        2.5855480940785034,
        2.8412255152241004,
        3.4310854021676827,
        3.4354208108447044,
        3.5088908534530523
    ],
    "Eigenvectors": [
        [
            -0.33800835477018654,
            -0.1954382966331235,
            -0.0006688695066773339,
            0.3398446336164171,
            -0.19172501326525893,
            -0.00978710430243261,
            0.0035660733836198953,
            0.38098033079559607,
            -0.008841704488269984,
            0.37090579420271863,
            0.2134994913898873,
            -0.0004041614057884336,
            -0.37009003570837085,
            0.2095237818056244,
            0.009910769517471545,
            -0.0027967072747206666,
            -0.4309608585605057,
            0.010712991466030377
        ],
        [
            -0.5275328145002874,
            -0.3050090463618727,
            0.0007426197938313572,
            -0.2582204995321481,
            0.1238320056716099,
            0.006195890156788829,
            -0.021298095070902832,
            -0.3110407651781045,
            0.00810958642845159,
            0.4687400571983205,
            0.270390611318442,
            0.0009230102331778057,
            0.23756801750552978,
            -0.12285260096094332,
            -0.007108759680225597,
            0.012395997554007703,
            0.29110601174149314,
            -0.007371649271044706
        ],
        [
            -0.03147662047511774,
            0.004011457615277101,
            0.003360239411955459,
            -0.45111262391564566,
            0.2640796221555187,
            0.017823407232399915,
            -0.0054075782767476575,
            0.5268442452044974,
            -0.016903176323180644,
            0.008302165305873556,
            -0.0035271165933981226,
            -0.003948303398596229,
            0.42161593817020304,
            -0.241891373197512,
            -0.016422422754945234,
            0.00031714412181051187,
            -0.4589553249335581,
            0.01629487847522698
        ],
        [
            -0.36381143926267706,
            -0.20996308050837453,
            9.03993212197138e-05,
            0.3880277803723681,
            -0.21880513385565178,
            -0.0034739193623367177,
            0.0037358850358109783,
            0.4184655638731042,
            -0.001876819455770564,
            -0.3407159733950592,
            -0.19690171493114467,
            -0.0004116100370371167,
            0.32537252312950893,
            -0.1908768047664765,
            -0.0011909576282013398,
            -0.0010223857837371405,
            0.39090574947229245,
            -0.0019187230406712275
        ],
        [
            0.027805722115035906,
            -0.05793466807721338,
            -0.03830565993797055,
            0.3943621502866676,
            -0.23688548407306706,
            -0.003372460330495298,
            0.004706463000120317,
            -0.48046197863606876,
            0.002543155502769931,
            -0.019867399410525694,
            0.011164345233054047,
            0.040628179525211146,
            0.44517327189806843,
            -0.26867094756538434,
            -0.0036709379777227643,
            0.012664396687465872,
            -0.5283460345680148,
            0.005140943702455725
        ],
        [
            -0.4706994613108497,
            -0.2696622858993467,
            0.001659718815107229,
            -0.27248604913024155,
            0.08747086519794321,
            -0.017508665797229928,
            -0.06144017384912834,
            -0.26412297309348665,
            -0.0149638980321467,
            -0.5242071565606754,
            -0.3037550042459241,
            -0.002012176610033971,
            -0.25663871570676794,
            0.17629512512523146,
            0.021040662687557814,
            0.025010178700868052,
            -0.29035603517484415,
            0.01930962481145004
        ],
        [
            -0.21782942373127087,
            0.3807733697653782,
            0.47642684586862605,
            0.12726832843467548,
            0.1303554499361318,
            0.0683910138644833,
            -0.17741830002947562,
            -0.04578519185124676,
            -0.05728317708107348,
            0.23179458596786368,
            -0.39946014366475974,
            -0.4709910648885902,
            -0.06295452979408035,
            -0.16621488295984993,
            -0.06600871902209722,
            0.17627404639612826,
            -0.02855568523039395,
            0.053776810095676246
        ],
        [
            -0.05675321436144215,
            -0.03162766930561356,
            0.006514752978887257,
            0.19452816629859995,
            0.4068478593680901,
            0.18530345266185544,
            0.47714134065979913,
            -0.03637830540645329,
            0.1630487870396678,
            -0.03354780085499369,
            -0.021010092472313686,
            0.0012639919472194458,
            -0.2491887819512189,
            -0.3892187050952973,
            -0.16788641310501304,
            -0.48760618473102124,
            -0.023320146484826755,
            -0.14427827993867873
        ],
        [
            0.0833890908516476,
            -0.14694810309647732,
            -0.1944969767227911,
            0.20479381361917726,
            0.38119669039738974,
            0.1756677004225295,
            -0.42615443359454985,
            0.011775421874755337,
            -0.1428700092032337,
            -0.09510780782295548,
            0.16273610309874675,
            0.1917264363544444,
            -0.24405711373301106,
            -0.3767101056726443,
            -0.16601642666593075,
            0.4403735477903939,
            0.020924366533550384,
            0.13290858324281496
        ],
        [
            -0.04858488155285671,
            0.08704650062334174,
            -0.11280736866402763,
            0.043584904830062936,
            0.07201645353540224,
            -0.39802591350713,
            -0.0916297602015835,
            -0.0011859816918069971,
            0.5307785150688206,
            -0.05638292420332953,
            0.09779089368314484,
            -0.12870180980714857,
            0.041158519220332576,
            0.07040178523019847,
            -0.4171772037375525,
            -0.08495896860559031,
            0.001078115241255665,
            0.5518064232581456
        ],
        [
            -0.08958212314288969,
            0.1644977906018351,
            -0.4459976076288796,
            -0.021807607268922016,
            -0.06094294500738529,
            0.4309481885760099,
            -0.11045643702778864,
            -0.004484519770540988,
            0.16827011276065096,
            -0.10322268152037015,
            0.18705349260276316,
