{
    "AtomsVector": {
        "ElementTypesVector": [
            "H",
            "H",
            "H",
            "H",
            "H",
            "H"
        ],
        "PositionsVector": [
            -0.00037794522509156564,
            1.9038801741375073,
            1.8897261254578283e-05,
            1.6495041403896291,
            0.9522707891407088,
            -1.8897261254578283e-05,
            1.6485403800656455,
            -0.952081816528163,
            1.8897261254578283e-05,
            0.0002645616575640959,
            -1.9038234823537437,
            -1.8897261254578283e-05,
            -1.6492395787320648,
            -0.9523841727082362,
            0.0,
            -1.648691558155682,
            0.952119611050672,
            -0.0
        ]
    },
    "Eigenvalues": [
        -5.30918974929909,
        -1.4980607812525195,
        -1.4762765801141116,
        -1.1986175489668087,
        -0.9720375989790895,
        -0.9557964959068427,
        2.1332867370719577,
        2.2207237370131994,
        2.241545586184343,
        2.2949723567152143,
        2.3447924568411995,
        2.3713181747386063,
        2.449796429776143,
        2.4645596415600424,
        2.5725494037067267,
        2.5883739521312883,
        2.7240713190363994,
        2.960056539348646
    ],
    "Eigenvectors": [
        [
            0.31142584099590453,
            0.18032560374302914,
            2.762175878739641e-06,
            -0.32097675937893433,
            0.18401060238895567,
            1.4857557600000981e-06,
            -0.001496458550387117,
            -0.35305858842194177,
            6.569420272998103e-06,
            -0.0028980527853073243,
            0.45576473486019675,
            3.009872954078578e-07,
            -0.39026122659279294,
            -0.2255608674940555,
            -6.040821389122391e-06,
            0.38443522924834517,
            -0.22417887118411145,
            -7.373638769173351e-06
        ],
        [
            -0.7246488952672849,
            -0.4171298366846707,
            -9.14649874431475e-06,
            -0.37630568248383633,
            0.18989391805566164,
            4.574183924337613e-06,
            -0.025080790836504042,
            -0.34797712937587344,
            7.161869187208744e-06,
            0.006977433606755891,
            0.02967968719692276,
            3.108454056668939e-07,
            0.002733705531959986,
            0.001128005330198207,
            -4.4552291366608343e-07,
            0.023207180374683695,
            -0.005195688846437271,
            6.41790028002471e-08
        ],
        [
            -0.01216269462576579,
            0.01749635289340338,
            -6.589813673568758e-07,
            -0.5329160770395635,
            0.32316298037675417,
            6.7013727716728655e-06,
            -0.011186016396067871,
            0.7641801096048938,
            -1.486978033373295e-05,
            -0.0010871766856194243,
            0.13982353112385504,
            3.5339259248598346e-07,
            -0.02129884412393585,
            -0.01856727393947819,
            -5.068584499414222e-07,
            -0.07035708066262424,
            0.04141759604806092,
            1.683331478041516e-06
        ],
        [
            -0.34668090252653716,
            -0.1996398148731811,
            -3.0757372217480744e-06,
            0.42887054372969546,
            -0.24833269275475897,
            -5.7203960043211295e-06,
            -0.002902642293156401,
            0.4113181304745472,
            -7.783795003067035e-06,
            0.0038041481817992964,
            0.20106046385904247,
            -5.037302019036431e-08,
            -0.27560344253798935,
            -0.16505336768733533,
            -6.05350311980219e-06,
            0.45989764735200994,
            -0.2646142420437401,
            -1.0749653896138257e-05
        ],
        [
            0.023115431349248615,
            0.01999404262021757,
            3.08017989374731e-07,
            -0.10658011239832996,
            0.078746219012163,
            2.069778588662785e-06,
            0.0003479678613383093,
            0.01790544248660585,
            -1.9984920162844584e-07,
            -0.006662149997688069,
            -0.7763059907646445,
            -1.6119993195881862e-06,
            -0.5236574496199042,
            -0.3178369010169942,
            -1.4399081648130127e-05,
            0.04041817383334158,
            -0.040230300182812276,
            -2.5573884141317644e-07
        ],
        [
            -0.0807072051837426,
            -0.055162884568094886,
            -1.052074698100509e-06,
            0.15780616022977506,
            -0.09630924019458414,
            -1.928351492750344e-06,
            0.014803992913182237,
            -0.011166885046011349,
            -4.0594676071639326e-07,
            -0.012670965909563401,
            0.3581499558462085,
            6.858830567050748e-07,
            -0.4967500013567795,
            -0.26650613351423336,
            -1.3377601307975574e-05,
            -0.619451268830802,
            0.35494138882384246,
            1.665321205372907e-05
        ],
        [
            -7.103450325134557e-07,
            2.2952165765091147e-06,
            -0.20190127140359432,
            -3.226916076759611e-07,
            7.190444437423396e-06,
            -0.4832466651348733,
            -8.792148915122736e-07,
            -8.627784793042425e-06,
            -0.49023228991504786,
            -1.5742636943172432e-06,
            -3.0106652548315824e-06,
            0.28213580399513577,
            -7.810394605862512e-06,
            -7.961607216703967e-06,
            0.5689792997428464,
            2.950809209062128e-06,
            -3.0463359273574694e-06,
            0.2864311146641231
        ],
        [
            1.5872586602473709e-06,
            -2.5037184631748323e-06,
            -0.0032113702613846416,
            4.551653416962658e-06,
            -3.614990978513544e-06,
            0.5614273612924812,
            1.3927754987236004e-06,
            -1.0701140750859992e-05,
            -0.5513358394918894,
            -8.439497967988509e-07,
            1.0319666289512732e-06,
            -0.4376025320208777,
            1.1867037943037411e-06,
            -3.252466886997928e-10,
            -0.0013858917684091317,
            1.009704813285136e-05,
            -2.4278332884100604e-06,
            0.4351090670025661
        ],
        [
            5.610509351804965e-06,
            5.410219723402305e-06,
            -0.6685869153449714,
            7.971234878031221e-06,
            8.90600959655869e-06,
            0.1182268438529932,
            -9.28326509682677e-06,
            2.3500450921820503e-06,
            0.12828886591245722,
            -1.8443884054101984e-06,
            3.6830884648938386e-07,
            0.40548536028905446,
            1.716269844776927e-05,
            -9.895868290856501e-06,
            -0.43451898702534564,
            1.1095600278988219e-05,
            -6.934580453399049e-07,
            0.41149822429234023
        ],
        [
            -0.04607546367684068,
            0.07946540157234262,
            -1.7463395569741946e-05,
            -0.2601603519265702,
            -0.4250531047118818,
            1.5834265269571545e-06,
            0.509210700900132,
            0.012257772862381658,
            -1.9374783638630563e-06,
            0.21160507411231783,
            -0.013814822593977153,
            1.138355143918058e-05,
            -0.31269863414631305,
            0.5418563581659288,
            -6.980084571996156e-06,
            -0.09597817507969583,
            -0.19543501251678952,
            7.719652713702321e-06
        ],
        [
            -0.028402828931880755,
            -0.009214985443122084,
            -6.8048188827002745e-06,
            0.27630160739009607,
            0.5000740885023319,
            9.019921979811607e-06,
