{
    "AtomsVector": {
        "ElementTypesVector": [
            "H",
            "H",
            "H",
            "H",
            "H",
            "H"
        ],
        "PositionsVector": [
            -0.00037794522509156564,
            1.9038801741375073,
            1.8897261254578283e-05,
            1.6495041403896291,
            0.9522707891407088,
            -1.8897261254578283e-05,
            1.6485403800656455,
            -0.952081816528163,
            1.8897261254578283e-05,
            0.0002645616575640959,
            -1.9038234823537437,
            -1.8897261254578283e-05,
            -1.6492395787320648,
            -0.9523841727082362,
            0.0,
            -1.648691558155682,
            0.952119611050672,
            -0.0
        ]
    },
    "ElectronsVector": {
        "PositionsVector": [
            -0.000378,
            1.90388,
            1.9e-05,
            -1.649239,
            -0.952384,
            0.0,
            1.64854,
            -0.952082,
            1.9e-05,
            -1.648691,
            0.95212,
            0.0,
            0.000265,
            -1.903823,
            -1.9e-05,
            1.649504,
            0.952271,
            -1.9e-05
        ],
        "SpinTypesVector": [
            -1,
            -1,
            -1,
            -2,
            -2,
            -2
        ]
    }
}
