{
  "ElectronsVector": {
    "PositionsVector": [
      0.0,
      0.0,
      0.0,
      0.0,
      2.248774091823168,
      0.0,
      1.9475517470865185,
      -1.124387045911584,
      0.0,
      -1.9475517470865185,
      -1.124387045911584,
      0.0,
      0.0,
      0.0,
      0.0,
      0.0,
      2.248774091823168,
      0.0,
      1.9475517470865185,
      -1.124387045911584,
      0.0,
      -1.9475517470865185,
      -1.124387045911584,
      0.0
    ],
    "SpinTypesVector": [
      -1,
      -1,
      -1,
      -1,
      -2,
      -2,
      -2,
      -2
    ]
  }
}
