{
  "ElectronsVector": {
    "PositionsVector": [
            0.0,
            0.0,
            0.0,
            0.0,
            2.248774091823168,
            0.0,
            1.9475517470865185,
            -1.124387045911584,
            0.0,
            -1.9475517470865185,
            -1.124387045911584,
            0.0,
            0.0,
            0.0,
            0.0,
            0.0,
            2.248774091823168,
            0.0,
            1.9475517470865185,
            -1.124387045911584,
            0.0,
            -0.8326820564551045,
            -0.4807437732942114,
            8.351578652102263e-16
    ],
    "SpinTypesVector": [
      1,
      1,
      1,
      1,
      -1,
      -1,
      -1,
      -1
    ]
  }
}
