{
  "ElectronsVector": {
    "PositionsVector": [
      0.0,
      0.0,
      0.0,
      0.0,
      2.248774091823168,
      0.0,
      1.9475517470865185,
      -1.124387045911584,
      0.0,
      -1.9475517470865185,
      -1.124387045911584,
      0.0,
      0.0,
      0.0,
      0.0,
      8.835182720171581e-13,
      1.1277078660607625,
      -1.6880313481151355e-14,
      0.97661860124657,
      -0.5638416310842639,
      -2.2920979213062295e-14,
      -0.9766186013412496,
      -0.5638416313200829,
      -4.9338847588764005e-15
    ],
    "SpinTypesVector": [
      -1,
      -1,
      -1,
      -1,
      -2,
      -2,
      -2,
      -2
    ]
  }
}
