{
    "AtomsVector": {
        "ElementTypesVector": [
            "C",
            "C",
            "C",
            "H",
            "H",
            "H"
        ],
        "PositionsVector": [
            1.2797036348987865,
            -0.7414340453233789,
            0.0,
            -1.2863365735991437,
            -0.739638805504194,
            0.0,
            -0.0017574452966757804,
            1.4817531522327376,
            0.0,
            3.046144027931746,
            -1.7631144750521537,
            0.0,
            -3.054213158487451,
            -1.7588247967473642,
            0.0,
            -0.0003212534413278308,
            3.522355011547119,
            0.0
        ]
    },
    "ElectronsVector": {
        "PositionsVector": [
            1.279704,
            -0.741434,
            0.0,
            -1.286336,
            -0.739639,
            0.0,
            -0.001757,
            1.481753,
            0.0,
            -0.000321,
            3.522355,
            0.0,
            -0.815014,
            -0.875295,
            0.551698,
            -1.995589,
            -1.091156,
            -0.074056,
            1.988467,
            -1.093956,
            0.074043,
            0.591557,
            1.078009,
            0.081096,
            0.808155,
            -0.876447,
            -0.551677,
            -0.595636,
            1.078854,
            -0.081105,
            1.279704,
            -0.741434,
            0.0,
            -1.286336,
            -0.739639,
            0.0,
            -0.001757,
            1.481753,
            0.0,
            3.046144,
            -1.763114,
            0.0,
            -3.054213,
            -1.758825,
            0.0,
            -0.811118,
            -0.866073,
            -0.550519,
            -1.212848,
            0.117757,
            0.090556,
            1.207441,
            0.11604,
            -0.09059,
            0.804349,
            -0.867147,
            0.550558,
            -0.001217,
            2.248296,
            -0.0
        ],
        "SpinTypesVector": [
            1,
            1,
            1,
            1,
            1,
            1,
            1,
            1,
            1,
            1,
            -1,
            -1,
            -1,
            -1,
            -1,
            -1,
            -1,
            -1,
            -1,
            -1
        ]
    }
}
